,saversion,saverest,areasymbol,areaname,lkey,musym,muname,museq,mukey,comppct_r,compname,localphase,slope_r,cokey,hzdept_r,hzdepb_r,ksat_r,sandtotal_r,claytotal_r,silttotal_r,dbthirdbar_r,partdensity,wsatiated_r,chkey
0,22,9/9/2024 12:34:19 PM,NC113,"Macon County, North Carolina",14802,BuD,"Burton-Craggey-Rock outcrop complex, windswept, 15 to 30 percent slopes, stony",11,545800,15,Rock outcrop,,,26047846,0.0,203.0,0.035,,,,,,,77809795
1,22,9/9/2024 12:34:19 PM,NC113,"Macon County, North Carolina",14802,BuD,"Burton-Craggey-Rock outcrop complex, windswept, 15 to 30 percent slopes, stony",11,545800,35,Craggey,windswept,23.0,26047847,0.0,43.0,28.0,67.2,17.5,15.3,1.2,,29.0,77809797
2,22,9/9/2024 12:34:19 PM,NC113,"Macon County, North Carolina",14802,BuD,"Burton-Craggey-Rock outcrop complex, windswept, 15 to 30 percent slopes, stony",11,545800,35,Craggey,windswept,23.0,26047847,43.0,203.0,0.0,,,,,,,77809796
3,22,9/9/2024 12:34:19 PM,NC113,"Macon County, North Carolina",14802,BuD,"Burton-Craggey-Rock outcrop complex, windswept, 15 to 30 percent slopes, stony",11,545800,45,Burton,windswept,23.0,26047848,0.0,46.0,28.0,65.7,11.5,22.8,1.2,,38.0,77809799
4,22,9/9/2024 12:34:19 PM,NC113,"Macon County, North Carolina",14802,BuD,"Burton-Craggey-Rock outcrop complex, windswept, 15 to 30 percent slopes, stony",11,545800,45,Burton,windswept,23.0,26047848,46.0,91.0,28.0,65.7,11.5,22.8,1.55,,26.0,77809800
5,22,9/9/2024 12:34:19 PM,NC113,"Macon County, North Carolina",14802,BuD,"Burton-Craggey-Rock outcrop complex, windswept, 15 to 30 percent slopes, stony",11,545800,45,Burton,windswept,23.0,26047848,91.0,203.0,0.0,,,,,,,77809798
6,22,9/9/2024 12:34:19 PM,NC113,"Macon County, North Carolina",14802,BuF,"Burton-Craggey-Rock outcrop complex, windswept, 30 to 95 percent slopes, stony",12,545801,20,Rock outcrop,,,26047857,0.0,203.0,0.035,,,,,,,77809819
7,22,9/9/2024 12:34:19 PM,NC113,"Macon County, North Carolina",14802,BuF,"Burton-Craggey-Rock outcrop complex, windswept, 30 to 95 percent slopes, stony",12,545801,35,Craggey,windswept,63.0,26047858,0.0,43.0,28.0,67.2,17.5,15.3,1.2,,29.0,77809820
8,22,9/9/2024 12:34:19 PM,NC113,"Macon County, North Carolina",14802,BuF,"Burton-Craggey-Rock outcrop complex, windswept, 30 to 95 percent slopes, stony",12,545801,35,Craggey,windswept,63.0,26047858,43.0,203.0,0.0,,,,,,,77809821
9,22,9/9/2024 12:34:19 PM,NC113,"Macon County, North Carolina",14802,BuF,"Burton-Craggey-Rock outcrop complex, windswept, 30 to 95 percent slopes, stony",12,545801,40,Burton,windswept,63.0,26047859,0.0,46.0,28.0,65.7,11.5,22.8,1.2,,38.0,77809822
10,22,9/9/2024 12:34:19 PM,NC113,"Macon County, North Carolina",14802,BuF,"Burton-Craggey-Rock outcrop complex, windswept, 30 to 95 percent slopes, stony",12,545801,40,Burton,windswept,63.0,26047859,46.0,91.0,28.0,65.7,11.5,22.8,1.55,,25.0,77809823
11,22,9/9/2024 12:34:19 PM,NC113,"Macon County, North Carolina",14802,BuF,"Burton-Craggey-Rock outcrop complex, windswept, 30 to 95 percent slopes, stony",12,545801,40,Burton,windswept,63.0,26047859,91.0,203.0,0.0,,,,,,,77809824
12,22,9/9/2024 12:34:19 PM,NC113,"Macon County, North Carolina",14802,CaF,"Cashiers gravelly fine sandy loam, 50 to 95 percent slopes",14,545803,80,Cashiers,,63.0,26047860,0.0,20.0,28.0,67.5,11.5,21.0,1.4,,28.0,77809825
13,22,9/9/2024 12:34:19 PM,NC113,"Macon County, North Carolina",14802,CaF,"Cashiers gravelly fine sandy loam, 50 to 95 percent slopes",14,545803,80,Cashiers,,63.0,26047860,124.0,203.0,28.0,65.7,11.5,22.8,1.4,,39.0,77809827
14,22,9/9/2024 12:34:19 PM,NC113,"Macon County, North Carolina",14802,CaF,"Cashiers gravelly fine sandy loam, 50 to 95 percent slopes",14,545803,80,Cashiers,,63.0,26047860,20.0,124.0,28.0,67.5,11.5,21.0,1.4,,39.0,77809826
15,22,9/9/2024 12:34:19 PM,NC113,"Macon County, North Carolina",14802,CdD,"Chandler gravelly fine sandy loam, 15 to 30 percent slopes",16,545805,80,Chandler,,23.0,26047849,0.0,13.0,28.0,67.5,11.5,21.0,1.4,,31.0,77809801
16,22,9/9/2024 12:34:19 PM,NC113,"Macon County, North Carolina",14802,CdD,"Chandler gravelly fine sandy loam, 15 to 30 percent slopes",16,545805,80,Chandler,,23.0,26047849,13.0,203.0,28.0,45.3,11.5,43.2,1.4,,39.0,77809802
17,22,9/9/2024 12:34:19 PM,NC113,"Macon County, North Carolina",14802,CdE,"Chandler gravelly fine sandy loam, 30 to 50 percent slopes",17,545806,80,Chandler,,40.0,26047850,0.0,13.0,28.0,67.5,11.5,21.0,1.4,,31.0,77809803
18,22,9/9/2024 12:34:19 PM,NC113,"Macon County, North Carolina",14802,CdE,"Chandler gravelly fine sandy loam, 30 to 50 percent slopes",17,545806,80,Chandler,,40.0,26047850,13.0,203.0,28.0,45.3,11.5,43.2,1.4,,39.0,77809804
19,22,9/9/2024 12:34:19 PM,NC113,"Macon County, North Carolina",14802,CdF,"Chandler gravelly fine sandy loam, 50 to 95 percent slopes",18,545807,80,Chandler,,63.0,26047851,0.0,13.0,28.0,67.5,11.5,21.0,1.4,,31.0,77809805
20,22,9/9/2024 12:34:19 PM,NC113,"Macon County, North Carolina",14802,CdF,"Chandler gravelly fine sandy loam, 50 to 95 percent slopes",18,545807,80,Chandler,,63.0,26047851,13.0,203.0,28.0,45.3,11.5,43.2,1.4,,39.0,77809806
21,22,9/9/2024 12:34:19 PM,NC113,"Macon County, North Carolina",14802,CnD,"Chestnut-Edneyville complex, windswept, 15 to 30 percent slopes, stony",22,545811,50,Chestnut,windswept,23.0,26047906,15.0,91.0,28.0,68.8,15.0,16.2,1.48,,31.0,77809962
22,22,9/9/2024 12:34:19 PM,NC113,"Macon County, North Carolina",14802,CnD,"Chestnut-Edneyville complex, windswept, 15 to 30 percent slopes, stony",22,545811,50,Chestnut,windswept,23.0,26047906,0.0,15.0,28.0,70.9,12.5,16.6,1.48,,29.0,77809961
23,22,9/9/2024 12:34:19 PM,NC113,"Macon County, North Carolina",14802,CnD,"Chestnut-Edneyville complex, windswept, 15 to 30 percent slopes, stony",22,545811,50,Chestnut,windswept,23.0,26047906,91.0,203.0,7.0,,,,,,,77809960
24,22,9/9/2024 12:34:19 PM,NC113,"Macon County, North Carolina",14802,CnD,"Chestnut-Edneyville complex, windswept, 15 to 30 percent slopes, stony",22,545811,40,Edneyville,windswept,23.0,26047907,0.0,13.0,28.0,67.5,11.5,21.0,1.5,,34.0,77809963
25,22,9/9/2024 12:34:19 PM,NC113,"Macon County, North Carolina",14802,CnD,"Chestnut-Edneyville complex, windswept, 15 to 30 percent slopes, stony",22,545811,40,Edneyville,windswept,23.0,26047907,109.0,203.0,28.0,67.9,12.5,19.6,1.5,,36.0,77809965
26,22,9/9/2024 12:34:19 PM,NC113,"Macon County, North Carolina",14802,CnD,"Chestnut-Edneyville complex, windswept, 15 to 30 percent slopes, stony",22,545811,40,Edneyville,windswept,23.0,26047907,13.0,109.0,28.0,70.1,13.5,16.4,1.5,,36.0,77809964
27,22,9/9/2024 12:34:19 PM,NC113,"Macon County, North Carolina",14802,CnE,"Chestnut-Edneyville complex, windswept, 30 to 50 percent slopes, stony",23,545812,40,Edneyville,windswept,40.0,26047890,0.0,13.0,28.0,67.5,11.5,21.0,1.5,,34.0,77809917
28,22,9/9/2024 12:34:19 PM,NC113,"Macon County, North Carolina",14802,CnE,"Chestnut-Edneyville complex, windswept, 30 to 50 percent slopes, stony",23,545812,40,Edneyville,windswept,40.0,26047890,109.0,203.0,28.0,67.9,12.5,19.6,1.5,,36.0,77809919
29,22,9/9/2024 12:34:19 PM,NC113,"Macon County, North Carolina",14802,CnE,"Chestnut-Edneyville complex, windswept, 30 to 50 percent slopes, stony",23,545812,40,Edneyville,windswept,40.0,26047890,13.0,109.0,28.0,70.1,13.5,16.4,1.5,,36.0,77809918
30,22,9/9/2024 12:34:19 PM,NC113,"Macon County, North Carolina",14802,CnE,"Chestnut-Edneyville complex, windswept, 30 to 50 percent slopes, stony",23,545812,50,Chestnut,windswept,40.0,26047891,15.0,91.0,28.0,68.8,15.0,16.2,1.48,,31.0,77809922
31,22,9/9/2024 12:34:19 PM,NC113,"Macon County, North Carolina",14802,CnE,"Chestnut-Edneyville complex, windswept, 30 to 50 percent slopes, stony",23,545812,50,Chestnut,windswept,40.0,26047891,0.0,15.0,28.0,70.9,12.5,16.6,1.48,,29.0,77809921
32,22,9/9/2024 12:34:19 PM,NC113,"Macon County, North Carolina",14802,CnE,"Chestnut-Edneyville complex, windswept, 30 to 50 percent slopes, stony",23,545812,50,Chestnut,windswept,40.0,26047891,91.0,203.0,7.0,,,,,,,77809920
33,22,9/9/2024 12:34:19 PM,NC113,"Macon County, North Carolina",14802,CpD,"Cleveland-Chestnut-Rock outcrop complex, windswept, 15 to 30 percent slopes",24,545813,40,Cleveland,windswept,23.0,26047868,0.0,13.0,28.0,67.4,13.0,19.6,1.35,,38.0,77809845
34,22,9/9/2024 12:34:19 PM,NC113,"Macon County, North Carolina",14802,CpD,"Cleveland-Chestnut-Rock outcrop complex, windswept, 15 to 30 percent slopes",24,545813,40,Cleveland,windswept,23.0,26047868,13.0,43.0,28.0,45.4,13.0,41.6,1.35,,40.0,77809846
35,22,9/9/2024 12:34:19 PM,NC113,"Macon County, North Carolina",14802,CpD,"Cleveland-Chestnut-Rock outcrop complex, windswept, 15 to 30 percent slopes",24,545813,40,Cleveland,windswept,23.0,26047868,43.0,203.0,0.03,,,,,,,77809847
36,22,9/9/2024 12:34:19 PM,NC113,"Macon County, North Carolina",14802,CpD,"Cleveland-Chestnut-Rock outcrop complex, windswept, 15 to 30 percent slopes",24,545813,35,Chestnut,windswept,23.0,26047869,13.0,91.0,28.0,68.8,15.0,16.2,1.48,,30.0,77809849
37,22,9/9/2024 12:34:19 PM,NC113,"Macon County, North Carolina",14802,CpD,"Cleveland-Chestnut-Rock outcrop complex, windswept, 15 to 30 percent slopes",24,545813,35,Chestnut,windswept,23.0,26047869,0.0,13.0,28.0,70.9,12.5,16.6,1.48,,29.0,77809848
38,22,9/9/2024 12:34:19 PM,NC113,"Macon County, North Carolina",14802,CpD,"Cleveland-Chestnut-Rock outcrop complex, windswept, 15 to 30 percent slopes",24,545813,35,Chestnut,windswept,23.0,26047869,91.0,203.0,7.0,,,,,,,77809850
39,22,9/9/2024 12:34:19 PM,NC113,"Macon County, North Carolina",14802,CpD,"Cleveland-Chestnut-Rock outcrop complex, windswept, 15 to 30 percent slopes",24,545813,15,Rock outcrop,,,26047897,0.0,203.0,0.035,,,,,,,77809939
40,22,9/9/2024 12:34:19 PM,NC113,"Macon County, North Carolina",14802,CpE,"Cleveland-Chestnut-Rock outcrop complex, windswept, 30 to 50 percent slopes",25,545814,45,Cleveland,windswept,40.0,26047898,0.0,13.0,28.0,67.4,13.0,19.6,1.35,,37.0,77809940
41,22,9/9/2024 12:34:19 PM,NC113,"Macon County, North Carolina",14802,CpE,"Cleveland-Chestnut-Rock outcrop complex, windswept, 30 to 50 percent slopes",25,545814,45,Cleveland,windswept,40.0,26047898,13.0,43.0,28.0,45.4,13.0,41.6,1.35,,38.0,77809941
42,22,9/9/2024 12:34:19 PM,NC113,"Macon County, North Carolina",14802,CpE,"Cleveland-Chestnut-Rock outcrop complex, windswept, 30 to 50 percent slopes",25,545814,45,Cleveland,windswept,40.0,26047898,43.0,203.0,0.035,,,,,,,77809942
43,22,9/9/2024 12:34:19 PM,NC113,"Macon County, North Carolina",14802,CpE,"Cleveland-Chestnut-Rock outcrop complex, windswept, 30 to 50 percent slopes",25,545814,15,Rock outcrop,,,26047899,0.0,203.0,0.035,,,,,,,77809943
44,22,9/9/2024 12:34:19 PM,NC113,"Macon County, North Carolina",14802,CpE,"Cleveland-Chestnut-Rock outcrop complex, windswept, 30 to 50 percent slopes",25,545814,35,Chestnut,windswept,40.0,26047900,13.0,91.0,28.0,68.8,15.0,16.2,1.48,,31.0,77809946
45,22,9/9/2024 12:34:19 PM,NC113,"Macon County, North Carolina",14802,CpE,"Cleveland-Chestnut-Rock outcrop complex, windswept, 30 to 50 percent slopes",25,545814,35,Chestnut,windswept,40.0,26047900,0.0,13.0,28.0,70.9,12.5,16.6,1.48,,29.0,77809945
46,22,9/9/2024 12:34:19 PM,NC113,"Macon County, North Carolina",14802,CpE,"Cleveland-Chestnut-Rock outcrop complex, windswept, 30 to 50 percent slopes",25,545814,35,Chestnut,windswept,40.0,26047900,91.0,203.0,7.0,,,,,,,77809944
47,22,9/9/2024 12:34:19 PM,NC113,"Macon County, North Carolina",14802,CpF,"Cleveland-Chestnut-Rock outcrop complex, windswept, 50 to 95 percent slopes",26,545815,15,Rock outcrop,,,26047901,0.0,203.0,0.035,,,,,,,77809947
48,22,9/9/2024 12:34:19 PM,NC113,"Macon County, North Carolina",14802,CpF,"Cleveland-Chestnut-Rock outcrop complex, windswept, 50 to 95 percent slopes",26,545815,45,Cleveland,windswept,63.0,26047902,0.0,10.0,28.0,70.5,13.0,16.5,1.35,,32.0,77809948
49,22,9/9/2024 12:34:19 PM,NC113,"Macon County, North Carolina",14802,CpF,"Cleveland-Chestnut-Rock outcrop complex, windswept, 50 to 95 percent slopes",26,545815,45,Cleveland,windswept,63.0,26047902,10.0,38.0,28.0,70.5,13.0,16.5,1.35,,33.0,77809949
50,22,9/9/2024 12:34:19 PM,NC113,"Macon County, North Carolina",14802,CpF,"Cleveland-Chestnut-Rock outcrop complex, windswept, 50 to 95 percent slopes",26,545815,45,Cleveland,windswept,63.0,26047902,38.0,203.0,0.035,,,,,,,77809950
51,22,9/9/2024 12:34:19 PM,NC113,"Macon County, North Carolina",14802,CpF,"Cleveland-Chestnut-Rock outcrop complex, windswept, 50 to 95 percent slopes",26,545815,25,Chestnut,windswept,63.0,26047903,0.0,41.0,28.0,70.9,12.5,16.6,1.48,,31.0,77809951
52,22,9/9/2024 12:34:19 PM,NC113,"Macon County, North Carolina",14802,CpF,"Cleveland-Chestnut-Rock outcrop complex, windswept, 50 to 95 percent slopes",26,545815,25,Chestnut,windswept,63.0,26047903,41.0,81.0,28.0,68.8,15.0,16.2,1.48,,30.0,77809952
53,22,9/9/2024 12:34:19 PM,NC113,"Macon County, North Carolina",14802,CpF,"Cleveland-Chestnut-Rock outcrop complex, windswept, 50 to 95 percent slopes",26,545815,25,Chestnut,windswept,63.0,26047903,81.0,203.0,7.0,,,,,,,77809953
54,22,9/9/2024 12:34:19 PM,NC113,"Macon County, North Carolina",14802,CsE,"Cullasaja very cobbly fine sandy loam, 30 to 50 percent slopes, extremely bouldery",28,545817,85,Cullasaja,extremely bouldery,40.0,26047892,46.0,86.0,28.0,68.0,16.0,16.0,1.3,,24.0,77809924
55,22,9/9/2024 12:34:19 PM,NC113,"Macon County, North Carolina",14802,CsE,"Cullasaja very cobbly fine sandy loam, 30 to 50 percent slopes, extremely bouldery",28,545817,85,Cullasaja,extremely bouldery,40.0,26047892,0.0,46.0,28.0,68.8,15.0,16.2,0.85,,25.0,77809923
56,22,9/9/2024 12:34:19 PM,NC113,"Macon County, North Carolina",14802,CsE,"Cullasaja very cobbly fine sandy loam, 30 to 50 percent slopes, extremely bouldery",28,545817,85,Cullasaja,extremely bouldery,40.0,26047892,86.0,203.0,28.0,82.5,8.5,9.0,1.3,,24.0,77809925
57,22,9/9/2024 12:34:19 PM,NC113,"Macon County, North Carolina",14802,CuD,"Cullasaja-Tuckasegee complex, 15 to 30 percent slopes, stony",29,545818,50,Cullasaja,stony,23.0,26047908,43.0,81.0,28.0,70.9,12.5,16.6,1.3,,30.0,77809967
58,22,9/9/2024 12:34:19 PM,NC113,"Macon County, North Carolina",14802,CuD,"Cullasaja-Tuckasegee complex, 15 to 30 percent slopes, stony",29,545818,50,Cullasaja,stony,23.0,26047908,0.0,43.0,28.0,55.8,26.5,17.7,0.85,,37.0,77809966
59,22,9/9/2024 12:34:19 PM,NC113,"Macon County, North Carolina",14802,CuD,"Cullasaja-Tuckasegee complex, 15 to 30 percent slopes, stony",29,545818,50,Cullasaja,stony,23.0,26047908,81.0,203.0,28.0,82.5,8.5,9.0,1.3,,23.0,77809968
60,22,9/9/2024 12:34:19 PM,NC113,"Macon County, North Carolina",14802,CuD,"Cullasaja-Tuckasegee complex, 15 to 30 percent slopes, stony",29,545818,30,Tuckasegee,stony,23.0,26047909,33.0,66.0,28.0,66.9,19.0,14.1,1.2,,44.0,77809972
61,22,9/9/2024 12:34:19 PM,NC113,"Macon County, North Carolina",14802,CuD,"Cullasaja-Tuckasegee complex, 15 to 30 percent slopes, stony",29,545818,30,Tuckasegee,stony,23.0,26047909,66.0,119.0,28.0,66.9,19.0,14.1,1.35,,34.0,77809969
62,22,9/9/2024 12:34:19 PM,NC113,"Macon County, North Carolina",14802,CuD,"Cullasaja-Tuckasegee complex, 15 to 30 percent slopes, stony",29,545818,30,Tuckasegee,stony,23.0,26047909,119.0,203.0,28.0,60.6,21.0,18.4,1.35,,31.0,77809970
63,22,9/9/2024 12:34:19 PM,NC113,"Macon County, North Carolina",14802,CuD,"Cullasaja-Tuckasegee complex, 15 to 30 percent slopes, stony",29,545818,30,Tuckasegee,stony,23.0,26047909,0.0,33.0,28.0,68.0,16.0,16.0,1.03,,44.0,77809971
64,22,9/9/2024 12:34:19 PM,NC113,"Macon County, North Carolina",14802,CuE,"Cullasaja-Tuckasegee complex, 30 to 50 percent slopes, stony",30,545819,45,Cullasaja,stony,40.0,26047893,43.0,81.0,28.0,70.9,12.5,16.6,1.3,,30.0,77809927
65,22,9/9/2024 12:34:19 PM,NC113,"Macon County, North Carolina",14802,CuE,"Cullasaja-Tuckasegee complex, 30 to 50 percent slopes, stony",30,545819,45,Cullasaja,stony,40.0,26047893,0.0,43.0,28.0,55.8,26.5,17.7,0.85,,37.0,77809926
66,22,9/9/2024 12:34:19 PM,NC113,"Macon County, North Carolina",14802,CuE,"Cullasaja-Tuckasegee complex, 30 to 50 percent slopes, stony",30,545819,45,Cullasaja,stony,40.0,26047893,81.0,203.0,28.0,82.5,8.5,9.0,1.3,,23.0,77809928
67,22,9/9/2024 12:34:19 PM,NC113,"Macon County, North Carolina",14802,CuE,"Cullasaja-Tuckasegee complex, 30 to 50 percent slopes, stony",30,545819,40,Tuckasegee,stony,40.0,26047894,33.0,66.0,28.0,66.9,19.0,14.1,1.2,,44.0,77809930
68,22,9/9/2024 12:34:19 PM,NC113,"Macon County, North Carolina",14802,CuE,"Cullasaja-Tuckasegee complex, 30 to 50 percent slopes, stony",30,545819,40,Tuckasegee,stony,40.0,26047894,66.0,119.0,28.0,66.9,19.0,14.1,1.35,,34.0,77809931
69,22,9/9/2024 12:34:19 PM,NC113,"Macon County, North Carolina",14802,CuE,"Cullasaja-Tuckasegee complex, 30 to 50 percent slopes, stony",30,545819,40,Tuckasegee,stony,40.0,26047894,119.0,203.0,28.0,60.6,21.0,18.4,1.35,,31.0,77809932
70,22,9/9/2024 12:34:19 PM,NC113,"Macon County, North Carolina",14802,CuE,"Cullasaja-Tuckasegee complex, 30 to 50 percent slopes, stony",30,545819,40,Tuckasegee,stony,40.0,26047894,0.0,33.0,28.0,68.0,16.0,16.0,1.03,,44.0,77809929
71,22,9/9/2024 12:34:19 PM,NC113,"Macon County, North Carolina",14802,CuF,"Cullasaja-Tuckasegee complex, 50 to 95 percent slopes, stony",31,545820,30,Tuckasegee,stony,63.0,26047910,33.0,66.0,28.0,66.9,19.0,14.1,1.2,,44.0,77809974
72,22,9/9/2024 12:34:19 PM,NC113,"Macon County, North Carolina",14802,CuF,"Cullasaja-Tuckasegee complex, 50 to 95 percent slopes, stony",31,545820,30,Tuckasegee,stony,63.0,26047910,66.0,119.0,28.0,66.9,19.0,14.1,1.35,,34.0,77809975
73,22,9/9/2024 12:34:19 PM,NC113,"Macon County, North Carolina",14802,CuF,"Cullasaja-Tuckasegee complex, 50 to 95 percent slopes, stony",31,545820,30,Tuckasegee,stony,63.0,26047910,119.0,203.0,28.0,60.6,21.0,18.4,1.35,,31.0,77809976
74,22,9/9/2024 12:34:19 PM,NC113,"Macon County, North Carolina",14802,CuF,"Cullasaja-Tuckasegee complex, 50 to 95 percent slopes, stony",31,545820,30,Tuckasegee,stony,63.0,26047910,0.0,33.0,28.0,68.0,16.0,16.0,1.03,,44.0,77809973
75,22,9/9/2024 12:34:19 PM,NC113,"Macon County, North Carolina",14802,CuF,"Cullasaja-Tuckasegee complex, 50 to 95 percent slopes, stony",31,545820,50,Cullasaja,stony,63.0,26047911,43.0,81.0,28.0,70.9,12.5,16.6,1.3,,30.0,77809978
76,22,9/9/2024 12:34:19 PM,NC113,"Macon County, North Carolina",14802,CuF,"Cullasaja-Tuckasegee complex, 50 to 95 percent slopes, stony",31,545820,50,Cullasaja,stony,63.0,26047911,0.0,43.0,28.0,55.8,26.5,17.7,0.85,,37.0,77809977
77,22,9/9/2024 12:34:19 PM,NC113,"Macon County, North Carolina",14802,CuF,"Cullasaja-Tuckasegee complex, 50 to 95 percent slopes, stony",31,545820,50,Cullasaja,stony,63.0,26047911,81.0,203.0,28.0,82.5,8.5,9.0,1.3,,23.0,77809979
78,22,9/9/2024 12:34:19 PM,NC113,"Macon County, North Carolina",14802,EdD,"Edneyville-Chestnut complex, high precipitation, 15 to 30 percent slopes, stony",38,545829,50,Edneyville,"high precipitation, stony",22.0,26048004,0.0,13.0,28.0,68.0,12.0,20.0,1.41,2.6,40.0,77810289
79,22,9/9/2024 12:34:19 PM,NC113,"Macon County, North Carolina",14802,EdD,"Edneyville-Chestnut complex, high precipitation, 15 to 30 percent slopes, stony",38,545829,50,Edneyville,"high precipitation, stony",22.0,26048004,78.0,203.0,28.0,67.0,13.0,20.0,1.62,2.66,31.0,77810288
80,22,9/9/2024 12:34:19 PM,NC113,"Macon County, North Carolina",14802,EdD,"Edneyville-Chestnut complex, high precipitation, 15 to 30 percent slopes, stony",38,545829,50,Edneyville,"high precipitation, stony",22.0,26048004,13.0,78.0,28.0,48.0,17.0,35.0,1.5,2.66,37.0,77810290
81,22,9/9/2024 12:34:19 PM,NC113,"Macon County, North Carolina",14802,EdD,"Edneyville-Chestnut complex, high precipitation, 15 to 30 percent slopes, stony",38,545829,30,Chestnut,"high precipitation, stony",22.0,26048005,0.0,17.0,28.0,71.0,13.0,16.0,1.4,2.6,40.0,77810291
82,22,9/9/2024 12:34:19 PM,NC113,"Macon County, North Carolina",14802,EdD,"Edneyville-Chestnut complex, high precipitation, 15 to 30 percent slopes, stony",38,545829,30,Chestnut,"high precipitation, stony",22.0,26048005,17.0,89.0,28.0,48.0,16.0,36.0,1.5,2.66,38.0,77810292
83,22,9/9/2024 12:34:19 PM,NC113,"Macon County, North Carolina",14802,EdD,"Edneyville-Chestnut complex, high precipitation, 15 to 30 percent slopes, stony",38,545829,30,Chestnut,"high precipitation, stony",22.0,26048005,89.0,203.0,7.0,,,,,,,77810293
84,22,9/9/2024 12:34:19 PM,NC113,"Macon County, North Carolina",14802,EdE,"Edneyville-Chestnut complex, high precipitation, 30 to 50 percent slopes, stony",39,545830,26,Chestnut,"high precipitation, stony",40.0,26048002,0.0,17.0,28.0,71.0,13.0,16.0,1.4,2.6,40.0,77810284
85,22,9/9/2024 12:34:19 PM,NC113,"Macon County, North Carolina",14802,EdE,"Edneyville-Chestnut complex, high precipitation, 30 to 50 percent slopes, stony",39,545830,26,Chestnut,"high precipitation, stony",40.0,26048002,17.0,89.0,28.0,48.0,16.0,36.0,1.5,2.66,38.0,77810283
86,22,9/9/2024 12:34:19 PM,NC113,"Macon County, North Carolina",14802,EdE,"Edneyville-Chestnut complex, high precipitation, 30 to 50 percent slopes, stony",39,545830,26,Chestnut,"high precipitation, stony",40.0,26048002,89.0,203.0,7.0,,,,,,,77810282
87,22,9/9/2024 12:34:19 PM,NC113,"Macon County, North Carolina",14802,EdE,"Edneyville-Chestnut complex, high precipitation, 30 to 50 percent slopes, stony",39,545830,50,Edneyville,"high precipitation, stony",40.0,26048003,0.0,13.0,28.0,68.0,12.0,20.0,1.41,2.6,40.0,77810287
88,22,9/9/2024 12:34:19 PM,NC113,"Macon County, North Carolina",14802,EdE,"Edneyville-Chestnut complex, high precipitation, 30 to 50 percent slopes, stony",39,545830,50,Edneyville,"high precipitation, stony",40.0,26048003,78.0,203.0,28.0,67.0,13.0,20.0,1.62,2.66,31.0,77810285
89,22,9/9/2024 12:34:19 PM,NC113,"Macon County, North Carolina",14802,EdE,"Edneyville-Chestnut complex, high precipitation, 30 to 50 percent slopes, stony",39,545830,50,Edneyville,"high precipitation, stony",40.0,26048003,13.0,78.0,9.0,48.0,17.0,35.0,1.5,2.66,37.0,77810286
90,22,9/9/2024 12:34:19 PM,NC113,"Macon County, North Carolina",14802,EdF,"Edneyville-Chestnut complex, high precipitation, 50 to 95 percent slopes, stony",40,545831,50,Edneyville,"high precipitation, stony",70.0,26047977,0.0,13.0,28.0,68.0,12.0,20.0,1.41,2.6,37.0,77810181
91,22,9/9/2024 12:34:19 PM,NC113,"Macon County, North Carolina",14802,EdF,"Edneyville-Chestnut complex, high precipitation, 50 to 95 percent slopes, stony",40,545831,50,Edneyville,"high precipitation, stony",70.0,26047977,78.0,203.0,28.0,67.0,13.0,20.0,1.62,2.66,31.0,77810183
92,22,9/9/2024 12:34:19 PM,NC113,"Macon County, North Carolina",14802,EdF,"Edneyville-Chestnut complex, high precipitation, 50 to 95 percent slopes, stony",40,545831,50,Edneyville,"high precipitation, stony",70.0,26047977,13.0,78.0,9.0,48.0,17.0,35.0,1.5,2.66,37.0,77810182
93,22,9/9/2024 12:34:19 PM,NC113,"Macon County, North Carolina",14802,EdF,"Edneyville-Chestnut complex, high precipitation, 50 to 95 percent slopes, stony",40,545831,20,Chestnut,"high precipitation, stony",70.0,26047992,0.0,17.0,28.0,71.0,13.0,16.0,1.4,2.6,36.0,77810233
94,22,9/9/2024 12:34:19 PM,NC113,"Macon County, North Carolina",14802,EdF,"Edneyville-Chestnut complex, high precipitation, 50 to 95 percent slopes, stony",40,545831,20,Chestnut,"high precipitation, stony",70.0,26047992,17.0,89.0,28.0,48.0,16.0,36.0,1.5,2.66,38.0,77810234
95,22,9/9/2024 12:34:19 PM,NC113,"Macon County, North Carolina",14802,EdF,"Edneyville-Chestnut complex, high precipitation, 50 to 95 percent slopes, stony",40,545831,20,Chestnut,"high precipitation, stony",70.0,26047992,89.0,203.0,7.0,,,,,,,77810232
96,22,9/9/2024 12:34:19 PM,NC113,"Macon County, North Carolina",14802,EvC,"Evard-Cowee complex, 8 to 15 percent slopes",44,545835,35,Cowee,stony,12.0,26048000,13.0,68.0,9.0,55.8,26.5,17.7,1.45,,31.0,77810277
97,22,9/9/2024 12:34:19 PM,NC113,"Macon County, North Carolina",14802,EvC,"Evard-Cowee complex, 8 to 15 percent slopes",44,545835,35,Cowee,stony,12.0,26048000,0.0,13.0,28.0,44.8,14.0,41.2,1.43,,33.0,77810276
98,22,9/9/2024 12:34:19 PM,NC113,"Macon County, North Carolina",14802,EvC,"Evard-Cowee complex, 8 to 15 percent slopes",44,545835,35,Cowee,stony,12.0,26048000,68.0,203.0,7.0,,,,,,,77810275
99,22,9/9/2024 12:34:19 PM,NC113,"Macon County, North Carolina",14802,EvC,"Evard-Cowee complex, 8 to 15 percent slopes",44,545835,55,Evard,stony,12.0,26048001,13.0,74.0,9.0,55.8,26.5,17.7,1.4,,41.0,77810278
100,22,9/9/2024 12:34:19 PM,NC113,"Macon County, North Carolina",14802,EvC,"Evard-Cowee complex, 8 to 15 percent slopes",44,545835,55,Evard,stony,12.0,26048001,74.0,94.0,9.0,65.1,16.0,18.9,1.3,,44.0,77810279
101,22,9/9/2024 12:34:19 PM,NC113,"Macon County, North Carolina",14802,EvC,"Evard-Cowee complex, 8 to 15 percent slopes",44,545835,55,Evard,stony,12.0,26048001,94.0,203.0,9.0,67.9,12.5,19.6,1.3,,42.0,77810281
102,22,9/9/2024 12:34:19 PM,NC113,"Macon County, North Carolina",14802,EvC,"Evard-Cowee complex, 8 to 15 percent slopes",44,545835,55,Evard,stony,12.0,26048001,0.0,13.0,28.0,45.7,12.5,41.8,1.35,,35.0,77810280
103,22,9/9/2024 12:34:19 PM,NC113,"Macon County, North Carolina",14802,EvD,"Evard-Cowee complex, 15 to 30 percent slopes",45,545836,30,Cowee,,22.0,26048006,13.0,68.0,9.0,54.0,25.0,21.0,1.58,2.62,34.0,77810296
104,22,9/9/2024 12:34:19 PM,NC113,"Macon County, North Carolina",14802,EvD,"Evard-Cowee complex, 15 to 30 percent slopes",45,545836,30,Cowee,,22.0,26048006,0.0,13.0,28.0,56.0,14.0,30.0,1.39,2.57,36.0,77810295
105,22,9/9/2024 12:34:19 PM,NC113,"Macon County, North Carolina",14802,EvD,"Evard-Cowee complex, 15 to 30 percent slopes",45,545836,30,Cowee,,22.0,26048006,68.0,203.0,7.0,,,,,,,77810294
106,22,9/9/2024 12:34:19 PM,NC113,"Macon County, North Carolina",14802,EvD,"Evard-Cowee complex, 15 to 30 percent slopes",45,545836,50,Evard,,22.0,26048007,13.0,81.0,9.0,42.0,33.0,25.0,1.51,2.62,37.0,77810299
107,22,9/9/2024 12:34:19 PM,NC113,"Macon County, North Carolina",14802,EvD,"Evard-Cowee complex, 15 to 30 percent slopes",45,545836,50,Evard,,22.0,26048007,114.0,203.0,9.0,62.0,13.0,25.0,1.59,2.63,32.0,77810300
108,22,9/9/2024 12:34:19 PM,NC113,"Macon County, North Carolina",14802,EvD,"Evard-Cowee complex, 15 to 30 percent slopes",45,545836,50,Evard,,22.0,26048007,0.0,13.0,9.0,50.0,14.0,36.0,1.36,2.57,37.0,77810297
109,22,9/9/2024 12:34:19 PM,NC113,"Macon County, North Carolina",14802,EvD,"Evard-Cowee complex, 15 to 30 percent slopes",45,545836,50,Evard,,22.0,26048007,81.0,114.0,9.0,49.0,19.0,32.0,1.55,2.63,34.0,77810298
110,22,9/9/2024 12:34:19 PM,NC113,"Macon County, North Carolina",14802,EvE,"Evard-Cowee complex, 30 to 50 percent slopes",46,545837,26,Cowee,,40.0,26047952,0.0,13.0,28.0,45.0,14.0,41.0,1.39,,38.0,77810090
111,22,9/9/2024 12:34:19 PM,NC113,"Macon County, North Carolina",14802,EvE,"Evard-Cowee complex, 30 to 50 percent slopes",46,545837,26,Cowee,,40.0,26047952,13.0,68.0,9.0,34.0,29.0,37.0,1.49,,36.0,77810091
112,22,9/9/2024 12:34:19 PM,NC113,"Macon County, North Carolina",14802,EvE,"Evard-Cowee complex, 30 to 50 percent slopes",46,545837,26,Cowee,,40.0,26047952,68.0,203.0,7.0,,,,,,,77810089
113,22,9/9/2024 12:34:19 PM,NC113,"Macon County, North Carolina",14802,EvE,"Evard-Cowee complex, 30 to 50 percent slopes",46,545837,50,Evard,,40.0,26047953,0.0,13.0,28.0,46.0,13.0,41.0,1.36,,34.0,77810092
114,22,9/9/2024 12:34:19 PM,NC113,"Macon County, North Carolina",14802,EvE,"Evard-Cowee complex, 30 to 50 percent slopes",46,545837,50,Evard,,40.0,26047953,94.0,203.0,9.0,68.0,13.0,19.0,1.57,,34.0,77810094
115,22,9/9/2024 12:34:19 PM,NC113,"Macon County, North Carolina",14802,EvE,"Evard-Cowee complex, 30 to 50 percent slopes",46,545837,50,Evard,,40.0,26047953,74.0,94.0,9.0,65.0,16.0,19.0,1.54,,36.0,77810095
116,22,9/9/2024 12:34:19 PM,NC113,"Macon County, North Carolina",14802,EvE,"Evard-Cowee complex, 30 to 50 percent slopes",46,545837,50,Evard,,40.0,26047953,13.0,74.0,9.0,56.0,27.0,17.0,1.56,,36.0,77810093
117,22,9/9/2024 12:34:19 PM,NC113,"Macon County, North Carolina",14802,EvF,"Evard-Cowee complex, 50 to 95 percent slopes, stony",47,545838,50,Evard,,63.0,26047923,94.0,203.0,9.0,67.0,13.0,20.0,1.58,,34.0,77810012
118,22,9/9/2024 12:34:19 PM,NC113,"Macon County, North Carolina",14802,EvF,"Evard-Cowee complex, 50 to 95 percent slopes, stony",47,545838,50,Evard,,63.0,26047923,74.0,94.0,9.0,50.0,20.0,30.0,1.58,,35.0,77810009
119,22,9/9/2024 12:34:19 PM,NC113,"Macon County, North Carolina",14802,EvF,"Evard-Cowee complex, 50 to 95 percent slopes, stony",47,545838,50,Evard,,63.0,26047923,0.0,13.0,28.0,45.0,13.0,42.0,1.36,,39.0,77810010
120,22,9/9/2024 12:34:19 PM,NC113,"Macon County, North Carolina",14802,EvF,"Evard-Cowee complex, 50 to 95 percent slopes, stony",47,545838,50,Evard,,63.0,26047923,13.0,74.0,9.0,44.0,29.0,27.0,1.54,,36.0,77810011
121,22,9/9/2024 12:34:19 PM,NC113,"Macon County, North Carolina",14802,EvF,"Evard-Cowee complex, 50 to 95 percent slopes, stony",47,545838,30,Cowee,,63.0,26047951,0.0,13.0,28.0,45.0,14.0,41.0,1.34,,37.0,77810086
122,22,9/9/2024 12:34:19 PM,NC113,"Macon County, North Carolina",14802,EvF,"Evard-Cowee complex, 50 to 95 percent slopes, stony",47,545838,30,Cowee,,63.0,26047951,13.0,68.0,9.0,44.0,29.0,27.0,1.54,,34.0,77810087
123,22,9/9/2024 12:34:19 PM,NC113,"Macon County, North Carolina",14802,EvF,"Evard-Cowee complex, 50 to 95 percent slopes, stony",47,545838,30,Cowee,,63.0,26047951,68.0,203.0,7.0,,,,,,,77810088
124,22,9/9/2024 12:34:19 PM,NC113,"Macon County, North Carolina",14802,FaD,"Fannin fine sandy loam, 15 to 30 percent slopes",51,545842,80,Fannin,,23.0,26047942,53.0,203.0,9.0,65.9,15.0,19.1,1.4,,38.0,77810064
125,22,9/9/2024 12:34:19 PM,NC113,"Macon County, North Carolina",14802,FaD,"Fannin fine sandy loam, 15 to 30 percent slopes",51,545842,80,Fannin,,23.0,26047942,0.0,18.0,28.0,68.8,15.0,16.2,1.4,,40.0,77810062
126,22,9/9/2024 12:34:19 PM,NC113,"Macon County, North Carolina",14802,FaD,"Fannin fine sandy loam, 15 to 30 percent slopes",51,545842,80,Fannin,,23.0,26047942,18.0,53.0,9.0,55.8,26.5,17.7,1.4,,41.0,77810063
127,22,9/9/2024 12:34:19 PM,NC113,"Macon County, North Carolina",14802,FaE,"Fannin fine sandy loam, 30 to 50 percent slopes",52,545843,80,Fannin,,40.0,26047924,84.0,203.0,9.0,65.9,15.0,19.1,1.4,,38.0,77810016
128,22,9/9/2024 12:34:19 PM,NC113,"Macon County, North Carolina",14802,FaE,"Fannin fine sandy loam, 30 to 50 percent slopes",52,545843,80,Fannin,,40.0,26047924,0.0,18.0,28.0,68.8,15.0,16.2,1.4,,39.0,77810013
129,22,9/9/2024 12:34:19 PM,NC113,"Macon County, North Carolina",14802,FaE,"Fannin fine sandy loam, 30 to 50 percent slopes",52,545843,80,Fannin,,40.0,26047924,18.0,66.0,9.0,35.2,29.0,35.8,1.4,,41.0,77810014
130,22,9/9/2024 12:34:19 PM,NC113,"Macon County, North Carolina",14802,FaE,"Fannin fine sandy loam, 30 to 50 percent slopes",52,545843,80,Fannin,,40.0,26047924,66.0,84.0,9.0,44.3,15.0,40.7,1.4,,38.0,77810015
131,22,9/9/2024 12:34:19 PM,NC113,"Macon County, North Carolina",14802,NkA,"Nikwasi fine sandy loam, 0 to 2 percent slopes, frequently flooded",58,545849,10,Nikwasi,undrained,1.5,26047944,0.0,66.0,28.0,67.5,11.5,21.0,1.4,,34.0,77810068
132,22,9/9/2024 12:34:19 PM,NC113,"Macon County, North Carolina",14802,NkA,"Nikwasi fine sandy loam, 0 to 2 percent slopes, frequently flooded",58,545849,10,Nikwasi,undrained,1.5,26047944,66.0,203.0,92.0,90.6,3.0,6.4,1.5,,9.0,77810069
133,22,9/9/2024 12:34:19 PM,NC113,"Macon County, North Carolina",14802,NkA,"Nikwasi fine sandy loam, 0 to 2 percent slopes, frequently flooded",58,545849,70,Nikwasi,frequently flooded,1.5,26047945,0.0,66.0,28.0,67.5,11.5,21.0,1.4,,34.0,77810070
134,22,9/9/2024 12:34:19 PM,NC113,"Macon County, North Carolina",14802,NkA,"Nikwasi fine sandy loam, 0 to 2 percent slopes, frequently flooded",58,545849,70,Nikwasi,frequently flooded,1.5,26047945,66.0,203.0,92.0,90.6,3.0,6.4,1.5,,9.0,77810071
135,22,9/9/2024 12:34:19 PM,NC113,"Macon County, North Carolina",14802,PwD,"Plott fine sandy loam, high precipitation, 15 to 30 percent slopes, stony",61,545852,80,Plott,"high precipitation, stony",22.0,26048010,119.0,203.0,28.0,67.0,9.0,24.0,1.55,2.65,29.0,77810313
136,22,9/9/2024 12:34:19 PM,NC113,"Macon County, North Carolina",14802,PwD,"Plott fine sandy loam, high precipitation, 15 to 30 percent slopes, stony",61,545852,80,Plott,"high precipitation, stony",22.0,26048010,3.0,18.0,28.0,61.0,15.0,24.0,0.99,2.51,54.0,77810312
137,22,9/9/2024 12:34:19 PM,NC113,"Macon County, North Carolina",14802,PwD,"Plott fine sandy loam, high precipitation, 15 to 30 percent slopes, stony",61,545852,80,Plott,"high precipitation, stony",22.0,26048010,18.0,38.0,28.0,61.0,15.0,24.0,0.99,2.51,53.0,77810316
138,22,9/9/2024 12:34:19 PM,NC113,"Macon County, North Carolina",14802,PwD,"Plott fine sandy loam, high precipitation, 15 to 30 percent slopes, stony",61,545852,80,Plott,"high precipitation, stony",22.0,26048010,0.0,3.0,92.0,,,,0.1,1.8,,77810315
139,22,9/9/2024 12:34:19 PM,NC113,"Macon County, North Carolina",14802,PwD,"Plott fine sandy loam, high precipitation, 15 to 30 percent slopes, stony",61,545852,80,Plott,"high precipitation, stony",22.0,26048010,84.0,119.0,9.0,53.0,13.0,34.0,1.48,2.65,40.0,77810317
140,22,9/9/2024 12:34:19 PM,NC113,"Macon County, North Carolina",14802,PwD,"Plott fine sandy loam, high precipitation, 15 to 30 percent slopes, stony",61,545852,80,Plott,"high precipitation, stony",22.0,26048010,38.0,84.0,9.0,53.0,13.0,34.0,1.48,2.65,40.0,77810314
141,22,9/9/2024 12:34:19 PM,NC113,"Macon County, North Carolina",14802,PwE,"Plott fine sandy loam, high precipitation, 30 to 50 percent slopes, stony",62,545853,80,Plott,"high precipitation, stony",40.0,26047966,119.0,203.0,28.0,67.0,9.0,24.0,1.55,2.65,29.0,77810143
142,22,9/9/2024 12:34:19 PM,NC113,"Macon County, North Carolina",14802,PwE,"Plott fine sandy loam, high precipitation, 30 to 50 percent slopes, stony",62,545853,80,Plott,"high precipitation, stony",40.0,26047966,3.0,18.0,28.0,61.0,15.0,24.0,0.99,2.51,54.0,77810142
143,22,9/9/2024 12:34:19 PM,NC113,"Macon County, North Carolina",14802,PwE,"Plott fine sandy loam, high precipitation, 30 to 50 percent slopes, stony",62,545853,80,Plott,"high precipitation, stony",40.0,26047966,18.0,38.0,28.0,61.0,15.0,24.0,0.99,2.51,53.0,77810140
144,22,9/9/2024 12:34:19 PM,NC113,"Macon County, North Carolina",14802,PwE,"Plott fine sandy loam, high precipitation, 30 to 50 percent slopes, stony",62,545853,80,Plott,"high precipitation, stony",40.0,26047966,0.0,3.0,92.0,,,,0.1,1.8,,77810139
145,22,9/9/2024 12:34:19 PM,NC113,"Macon County, North Carolina",14802,PwE,"Plott fine sandy loam, high precipitation, 30 to 50 percent slopes, stony",62,545853,80,Plott,"high precipitation, stony",40.0,26047966,38.0,84.0,9.0,53.0,13.0,34.0,1.48,2.65,40.0,77810144
146,22,9/9/2024 12:34:19 PM,NC113,"Macon County, North Carolina",14802,PwE,"Plott fine sandy loam, high precipitation, 30 to 50 percent slopes, stony",62,545853,80,Plott,"high precipitation, stony",40.0,26047966,84.0,119.0,9.0,53.0,13.0,34.0,1.48,2.65,40.0,77810141
147,22,9/9/2024 12:34:19 PM,NC113,"Macon County, North Carolina",14802,PwF,"Plott fine sandy loam, high precipitation, 50 to 95 percent slopes, stony",63,545854,80,Plott,"high precipitation, stony",72.0,26047993,119.0,203.0,28.0,67.0,9.0,24.0,1.55,2.65,29.0,77810237
148,22,9/9/2024 12:34:19 PM,NC113,"Macon County, North Carolina",14802,PwF,"Plott fine sandy loam, high precipitation, 50 to 95 percent slopes, stony",63,545854,80,Plott,"high precipitation, stony",72.0,26047993,3.0,18.0,28.0,61.0,15.0,24.0,0.99,2.51,54.0,77810235
149,22,9/9/2024 12:34:19 PM,NC113,"Macon County, North Carolina",14802,PwF,"Plott fine sandy loam, high precipitation, 50 to 95 percent slopes, stony",63,545854,80,Plott,"high precipitation, stony",72.0,26047993,18.0,38.0,28.0,61.0,15.0,24.0,0.99,2.51,53.0,77810236
150,22,9/9/2024 12:34:19 PM,NC113,"Macon County, North Carolina",14802,PwF,"Plott fine sandy loam, high precipitation, 50 to 95 percent slopes, stony",63,545854,80,Plott,"high precipitation, stony",72.0,26047993,0.0,3.0,92.0,,,,0.1,1.8,,77810240
151,22,9/9/2024 12:34:19 PM,NC113,"Macon County, North Carolina",14802,PwF,"Plott fine sandy loam, high precipitation, 50 to 95 percent slopes, stony",63,545854,80,Plott,"high precipitation, stony",72.0,26047993,38.0,84.0,9.0,53.0,13.0,34.0,1.48,2.65,40.0,77810238
152,22,9/9/2024 12:34:19 PM,NC113,"Macon County, North Carolina",14802,PwF,"Plott fine sandy loam, high precipitation, 50 to 95 percent slopes, stony",63,545854,80,Plott,"high precipitation, stony",72.0,26047993,84.0,119.0,9.0,53.0,13.0,34.0,1.48,2.65,40.0,77810239
153,22,9/9/2024 12:34:19 PM,NC113,"Macon County, North Carolina",14802,ReA,"Reddies fine sandy loam, 0 to 3 percent slopes, frequently flooded",64,545855,5,Ela,undrained,1.0,26047946,38.0,71.0,28.0,65.7,11.5,22.8,1.4,,30.0,77810073
154,22,9/9/2024 12:34:19 PM,NC113,"Macon County, North Carolina",14802,ReA,"Reddies fine sandy loam, 0 to 3 percent slopes, frequently flooded",64,545855,5,Ela,undrained,1.0,26047946,71.0,203.0,92.0,66.9,10.0,23.1,1.5,,8.0,77810074
155,22,9/9/2024 12:34:19 PM,NC113,"Macon County, North Carolina",14802,ReA,"Reddies fine sandy loam, 0 to 3 percent slopes, frequently flooded",64,545855,5,Ela,undrained,1.0,26047946,0.0,38.0,28.0,32.3,11.5,56.2,1.4,,34.0,77810072
156,22,9/9/2024 12:34:19 PM,NC113,"Macon County, North Carolina",14802,ReA,"Reddies fine sandy loam, 0 to 3 percent slopes, frequently flooded",64,545855,80,Reddies,frequently flooded,2.0,26047947,66.0,203.0,92.0,95.5,3.0,1.5,1.5,,18.0,77810077
157,22,9/9/2024 12:34:19 PM,NC113,"Macon County, North Carolina",14802,ReA,"Reddies fine sandy loam, 0 to 3 percent slopes, frequently flooded",64,545855,80,Reddies,frequently flooded,2.0,26047947,0.0,36.0,28.0,67.5,11.5,21.0,1.4,,36.0,77810075
158,22,9/9/2024 12:34:19 PM,NC113,"Macon County, North Carolina",14802,ReA,"Reddies fine sandy loam, 0 to 3 percent slopes, frequently flooded",64,545855,80,Reddies,frequently flooded,2.0,26047947,36.0,66.0,28.0,67.5,11.5,21.0,1.45,,37.0,77810076
159,22,9/9/2024 12:34:19 PM,NC113,"Macon County, North Carolina",14802,RkF,"Rock outcrop-Cleveland complex, 30 to 95 percent slopes",66,545857,60,Rock outcrop,,,26047870,0.0,203.0,0.035,,,,,,,77809851
160,22,9/9/2024 12:34:19 PM,NC113,"Macon County, North Carolina",14802,RkF,"Rock outcrop-Cleveland complex, 30 to 95 percent slopes",66,545857,30,Cleveland,very bouldery,63.0,26047871,0.0,13.0,28.0,67.4,13.0,19.6,1.35,,38.0,77809853
161,22,9/9/2024 12:34:19 PM,NC113,"Macon County, North Carolina",14802,RkF,"Rock outcrop-Cleveland complex, 30 to 95 percent slopes",66,545857,30,Cleveland,very bouldery,63.0,26047871,13.0,36.0,28.0,67.4,13.0,19.6,1.35,,42.0,77809854
162,22,9/9/2024 12:34:19 PM,NC113,"Macon County, North Carolina",14802,RkF,"Rock outcrop-Cleveland complex, 30 to 95 percent slopes",66,545857,30,Cleveland,very bouldery,63.0,26047871,36.0,203.0,0.03,,,,,,,77809852
163,22,9/9/2024 12:34:19 PM,NC113,"Macon County, North Carolina",14802,SbC,"Saunook gravelly loam, 8 to 15 percent slopes, stony",68,545859,3,Nikwasi,frequently flooded,1.0,26047990,53.0,71.0,92.0,82.0,4.0,14.0,1.6,,35.0,77810225
164,22,9/9/2024 12:34:19 PM,NC113,"Macon County, North Carolina",14802,SbC,"Saunook gravelly loam, 8 to 15 percent slopes, stony",68,545859,3,Nikwasi,frequently flooded,1.0,26047990,71.0,203.0,92.0,85.0,5.0,10.0,1.56,,23.0,77810227
165,22,9/9/2024 12:34:19 PM,NC113,"Macon County, North Carolina",14802,SbC,"Saunook gravelly loam, 8 to 15 percent slopes, stony",68,545859,3,Nikwasi,frequently flooded,1.0,26047990,15.0,53.0,28.0,45.0,14.0,41.0,1.13,,47.0,77810224
166,22,9/9/2024 12:34:19 PM,NC113,"Macon County, North Carolina",14802,SbC,"Saunook gravelly loam, 8 to 15 percent slopes, stony",68,545859,3,Nikwasi,frequently flooded,1.0,26047990,0.0,15.0,28.0,45.0,14.0,41.0,1.38,,38.0,77810226
167,22,9/9/2024 12:34:19 PM,NC113,"Macon County, North Carolina",14802,SbC,"Saunook gravelly loam, 8 to 15 percent slopes, stony",68,545859,80,Saunook,stony,12.0,26047991,0.0,25.0,28.0,45.0,14.0,41.0,1.38,,32.0,77810231
168,22,9/9/2024 12:34:19 PM,NC113,"Macon County, North Carolina",14802,SbC,"Saunook gravelly loam, 8 to 15 percent slopes, stony",68,545859,80,Saunook,stony,12.0,26047991,86.0,112.0,9.0,60.0,14.0,26.0,1.6,,25.0,77810228
169,22,9/9/2024 12:34:19 PM,NC113,"Macon County, North Carolina",14802,SbC,"Saunook gravelly loam, 8 to 15 percent slopes, stony",68,545859,80,Saunook,stony,12.0,26047991,112.0,203.0,9.0,60.0,14.0,26.0,1.5,,19.0,77810230
170,22,9/9/2024 12:34:19 PM,NC113,"Macon County, North Carolina",14802,SbC,"Saunook gravelly loam, 8 to 15 percent slopes, stony",68,545859,80,Saunook,stony,12.0,26047991,25.0,86.0,9.0,35.0,29.0,36.0,1.52,,36.0,77810229
171,22,9/9/2024 12:34:19 PM,NC113,"Macon County, North Carolina",14802,SbD,"Saunook gravelly loam, 15 to 30 percent slopes, stony",69,545860,80,Saunook,,22.0,26047989,0.0,25.0,28.0,45.0,14.0,41.0,1.25,,36.0,77810220
172,22,9/9/2024 12:34:19 PM,NC113,"Macon County, North Carolina",14802,SbD,"Saunook gravelly loam, 15 to 30 percent slopes, stony",69,545860,80,Saunook,,22.0,26047989,86.0,112.0,9.0,60.0,14.0,26.0,1.6,,25.0,77810221
173,22,9/9/2024 12:34:19 PM,NC113,"Macon County, North Carolina",14802,SbD,"Saunook gravelly loam, 15 to 30 percent slopes, stony",69,545860,80,Saunook,,22.0,26047989,112.0,203.0,9.0,60.0,14.0,26.0,1.5,,19.0,77810223
174,22,9/9/2024 12:34:19 PM,NC113,"Macon County, North Carolina",14802,SbD,"Saunook gravelly loam, 15 to 30 percent slopes, stony",69,545860,80,Saunook,,22.0,26047989,25.0,86.0,9.0,35.0,29.0,36.0,1.52,,36.0,77810222
175,22,9/9/2024 12:34:19 PM,NC113,"Macon County, North Carolina",14802,SbE,"Saunook gravelly loam, 30 to 50 percent slopes, stony",70,545861,80,Saunook,stony,40.0,26047950,86.0,203.0,28.0,67.0,13.5,19.5,1.48,,28.0,77810085
176,22,9/9/2024 12:34:19 PM,NC113,"Macon County, North Carolina",14802,SbE,"Saunook gravelly loam, 30 to 50 percent slopes, stony",70,545861,80,Saunook,stony,40.0,26047950,0.0,23.0,28.0,45.0,13.5,41.5,1.48,,27.0,77810083
177,22,9/9/2024 12:34:19 PM,NC113,"Macon County, North Carolina",14802,SbE,"Saunook gravelly loam, 30 to 50 percent slopes, stony",70,545861,80,Saunook,stony,40.0,26047950,23.0,86.0,9.0,37.9,26.5,35.6,1.4,,38.0,77810084
178,22,9/9/2024 12:34:19 PM,NC113,"Macon County, North Carolina",14802,ScB,"Saunook loam, 2 to 8 percent slopes",71,545862,80,Saunook,,5.0,26047956,86.0,112.0,9.0,60.0,14.0,26.0,1.6,,25.0,77810108
179,22,9/9/2024 12:34:19 PM,NC113,"Macon County, North Carolina",14802,ScB,"Saunook loam, 2 to 8 percent slopes",71,545862,80,Saunook,,5.0,26047956,112.0,203.0,9.0,60.0,14.0,26.0,1.5,,19.0,77810109
180,22,9/9/2024 12:34:19 PM,NC113,"Macon County, North Carolina",14802,ScB,"Saunook loam, 2 to 8 percent slopes",71,545862,80,Saunook,,5.0,26047956,0.0,25.0,28.0,45.0,14.0,41.0,1.38,,36.0,77810110
181,22,9/9/2024 12:34:19 PM,NC113,"Macon County, North Carolina",14802,ScB,"Saunook loam, 2 to 8 percent slopes",71,545862,80,Saunook,,5.0,26047956,25.0,86.0,9.0,35.0,29.0,36.0,1.52,,36.0,77810107
182,22,9/9/2024 12:34:19 PM,NC113,"Macon County, North Carolina",14802,ScB,"Saunook loam, 2 to 8 percent slopes",71,545862,4,Nikwasi,frequently flooded,1.0,26047957,53.0,71.0,92.0,82.0,4.0,14.0,1.6,,35.0,77810111
183,22,9/9/2024 12:34:19 PM,NC113,"Macon County, North Carolina",14802,ScB,"Saunook loam, 2 to 8 percent slopes",71,545862,4,Nikwasi,frequently flooded,1.0,26047957,71.0,203.0,92.0,85.0,5.0,10.0,1.56,,23.0,77810112
184,22,9/9/2024 12:34:19 PM,NC113,"Macon County, North Carolina",14802,ScB,"Saunook loam, 2 to 8 percent slopes",71,545862,4,Nikwasi,frequently flooded,1.0,26047957,15.0,53.0,28.0,45.0,14.0,41.0,1.13,,47.0,77810113
185,22,9/9/2024 12:34:19 PM,NC113,"Macon County, North Carolina",14802,ScB,"Saunook loam, 2 to 8 percent slopes",71,545862,4,Nikwasi,frequently flooded,1.0,26047957,0.0,15.0,28.0,45.0,14.0,41.0,1.38,,38.0,77810114
186,22,9/9/2024 12:34:19 PM,NC113,"Macon County, North Carolina",14802,ScC,"Saunook loam, 8 to 15 percent slopes",72,545863,80,Saunook,,12.0,26047958,86.0,112.0,9.0,60.0,14.0,26.0,1.6,,25.0,77810116
187,22,9/9/2024 12:34:19 PM,NC113,"Macon County, North Carolina",14802,ScC,"Saunook loam, 8 to 15 percent slopes",72,545863,80,Saunook,,12.0,26047958,112.0,203.0,9.0,60.0,14.0,26.0,1.5,,19.0,77810117
188,22,9/9/2024 12:34:19 PM,NC113,"Macon County, North Carolina",14802,ScC,"Saunook loam, 8 to 15 percent slopes",72,545863,80,Saunook,,12.0,26047958,0.0,25.0,28.0,45.0,14.0,41.0,1.38,,36.0,77810118
189,22,9/9/2024 12:34:19 PM,NC113,"Macon County, North Carolina",14802,ScC,"Saunook loam, 8 to 15 percent slopes",72,545863,80,Saunook,,12.0,26047958,25.0,86.0,9.0,35.0,29.0,36.0,1.52,,36.0,77810115
190,22,9/9/2024 12:34:19 PM,NC113,"Macon County, North Carolina",14802,ScC,"Saunook loam, 8 to 15 percent slopes",72,545863,4,Nikwasi,frequently flooded,1.0,26047959,53.0,71.0,92.0,82.0,4.0,14.0,1.6,,35.0,77810119
191,22,9/9/2024 12:34:19 PM,NC113,"Macon County, North Carolina",14802,ScC,"Saunook loam, 8 to 15 percent slopes",72,545863,4,Nikwasi,frequently flooded,1.0,26047959,71.0,203.0,92.0,85.0,5.0,10.0,1.56,,23.0,77810120
192,22,9/9/2024 12:34:19 PM,NC113,"Macon County, North Carolina",14802,ScC,"Saunook loam, 8 to 15 percent slopes",72,545863,4,Nikwasi,frequently flooded,1.0,26047959,15.0,53.0,28.0,45.0,14.0,41.0,1.13,,47.0,77810121
193,22,9/9/2024 12:34:19 PM,NC113,"Macon County, North Carolina",14802,ScC,"Saunook loam, 8 to 15 percent slopes",72,545863,4,Nikwasi,frequently flooded,1.0,26047959,0.0,15.0,28.0,45.0,14.0,41.0,1.38,,38.0,77810122
194,22,9/9/2024 12:34:19 PM,NC113,"Macon County, North Carolina",14802,TrE,"Trimont gravelly loam, 30 to 50 percent slopes, stony",83,545874,85,Trimont,stony,40.0,26047975,23.0,114.0,9.0,55.8,26.5,17.7,1.4,,40.0,77810176
195,22,9/9/2024 12:34:19 PM,NC113,"Macon County, North Carolina",14802,TrE,"Trimont gravelly loam, 30 to 50 percent slopes, stony",83,545874,85,Trimont,stony,40.0,26047975,0.0,23.0,28.0,44.8,14.0,41.2,1.48,,29.0,77810175
196,22,9/9/2024 12:34:19 PM,NC113,"Macon County, North Carolina",14802,TrE,"Trimont gravelly loam, 30 to 50 percent slopes, stony",83,545874,85,Trimont,stony,40.0,26047975,114.0,203.0,9.0,69.6,14.0,16.4,1.53,,35.0,77810177
197,22,9/9/2024 12:34:19 PM,NC113,"Macon County, North Carolina",14802,TrF,"Trimont gravelly loam, 50 to 95 percent slopes, stony",84,545875,80,Trimont,stony,63.0,26047976,23.0,114.0,9.0,55.8,26.5,17.7,1.4,,40.0,77810179
198,22,9/9/2024 12:34:19 PM,NC113,"Macon County, North Carolina",14802,TrF,"Trimont gravelly loam, 50 to 95 percent slopes, stony",84,545875,80,Trimont,stony,63.0,26047976,0.0,23.0,28.0,44.8,14.0,41.2,1.48,,29.0,77810178
199,22,9/9/2024 12:34:19 PM,NC113,"Macon County, North Carolina",14802,TrF,"Trimont gravelly loam, 50 to 95 percent slopes, stony",84,545875,80,Trimont,stony,63.0,26047976,114.0,203.0,9.0,69.6,14.0,16.4,1.53,,35.0,77810180
200,22,9/9/2024 12:34:19 PM,NC113,"Macon County, North Carolina",14802,TsC,"Tuckasegee-Cullasaja complex, 8 to 15 percent slopes, stony",85,545876,30,Cullasaja,stony,12.0,26047932,43.0,81.0,28.0,70.9,12.5,16.6,1.3,,30.0,77810037
201,22,9/9/2024 12:34:19 PM,NC113,"Macon County, North Carolina",14802,TsC,"Tuckasegee-Cullasaja complex, 8 to 15 percent slopes, stony",85,545876,30,Cullasaja,stony,12.0,26047932,0.0,43.0,28.0,55.8,26.5,17.7,0.85,,38.0,77810036
202,22,9/9/2024 12:34:19 PM,NC113,"Macon County, North Carolina",14802,TsC,"Tuckasegee-Cullasaja complex, 8 to 15 percent slopes, stony",85,545876,30,Cullasaja,stony,12.0,26047932,81.0,203.0,28.0,82.5,8.5,9.0,1.3,,23.0,77810038
203,22,9/9/2024 12:34:19 PM,NC113,"Macon County, North Carolina",14802,TsC,"Tuckasegee-Cullasaja complex, 8 to 15 percent slopes, stony",85,545876,50,Tuckasegee,stony,12.0,26047960,33.0,66.0,28.0,68.0,16.0,16.0,1.2,,44.0,77810124
204,22,9/9/2024 12:34:19 PM,NC113,"Macon County, North Carolina",14802,TsC,"Tuckasegee-Cullasaja complex, 8 to 15 percent slopes, stony",85,545876,50,Tuckasegee,stony,12.0,26047960,66.0,119.0,28.0,59.9,22.0,18.1,1.35,,32.0,77810125
205,22,9/9/2024 12:34:19 PM,NC113,"Macon County, North Carolina",14802,TsC,"Tuckasegee-Cullasaja complex, 8 to 15 percent slopes, stony",85,545876,50,Tuckasegee,stony,12.0,26047960,119.0,203.0,28.0,60.6,21.0,18.4,1.35,,31.0,77810126
206,22,9/9/2024 12:34:19 PM,NC113,"Macon County, North Carolina",14802,TsC,"Tuckasegee-Cullasaja complex, 8 to 15 percent slopes, stony",85,545876,50,Tuckasegee,stony,12.0,26047960,0.0,33.0,28.0,68.0,16.0,16.0,1.03,,44.0,77810123
207,22,9/9/2024 12:34:19 PM,NC113,"Macon County, North Carolina",14802,TwC,"Tuckasegee-Whiteside complex, 8 to 15 percent slopes",87,545878,50,Tuckasegee,,12.0,26047961,33.0,66.0,28.0,65.1,19.0,15.9,1.2,,44.0,77810128
208,22,9/9/2024 12:34:19 PM,NC113,"Macon County, North Carolina",14802,TwC,"Tuckasegee-Whiteside complex, 8 to 15 percent slopes",87,545878,50,Tuckasegee,,12.0,26047961,119.0,203.0,28.0,63.4,20.0,16.6,1.35,,31.0,77810130
209,22,9/9/2024 12:34:19 PM,NC113,"Macon County, North Carolina",14802,TwC,"Tuckasegee-Whiteside complex, 8 to 15 percent slopes",87,545878,50,Tuckasegee,,12.0,26047961,66.0,119.0,28.0,65.1,19.0,15.9,1.35,,32.0,77810129
210,22,9/9/2024 12:34:19 PM,NC113,"Macon County, North Carolina",14802,TwC,"Tuckasegee-Whiteside complex, 8 to 15 percent slopes",87,545878,50,Tuckasegee,,12.0,26047961,0.0,33.0,28.0,68.0,16.0,16.0,1.03,,45.0,77810127
211,22,9/9/2024 12:34:19 PM,NC113,"Macon County, North Carolina",14802,TwC,"Tuckasegee-Whiteside complex, 8 to 15 percent slopes",87,545878,30,Whiteside,,12.0,26047962,94.0,152.0,23.0,64.8,19.0,16.2,1.48,,37.0,77810133
212,22,9/9/2024 12:34:19 PM,NC113,"Macon County, North Carolina",14802,TwC,"Tuckasegee-Whiteside complex, 8 to 15 percent slopes",87,545878,30,Whiteside,,12.0,26047962,0.0,28.0,28.0,45.3,11.5,43.2,1.4,,36.0,77810131
213,22,9/9/2024 12:34:19 PM,NC113,"Macon County, North Carolina",14802,TwC,"Tuckasegee-Whiteside complex, 8 to 15 percent slopes",87,545878,30,Whiteside,,12.0,26047962,28.0,94.0,9.0,39.8,22.5,37.7,1.45,,38.0,77810132
214,22,9/9/2024 12:34:19 PM,NC113,"Macon County, North Carolina",14802,TwC,"Tuckasegee-Whiteside complex, 8 to 15 percent slopes",87,545878,5,Sylva,undrained,2.0,26047963,135.0,203.0,23.0,84.1,14.0,1.9,1.45,,38.0,77810136
215,22,9/9/2024 12:34:19 PM,NC113,"Macon County, North Carolina",14802,TwC,"Tuckasegee-Whiteside complex, 8 to 15 percent slopes",87,545878,5,Sylva,undrained,2.0,26047963,81.0,135.0,28.0,84.1,14.0,1.9,1.45,,42.0,77810137
216,22,9/9/2024 12:34:19 PM,NC113,"Macon County, North Carolina",14802,TwC,"Tuckasegee-Whiteside complex, 8 to 15 percent slopes",87,545878,5,Sylva,undrained,2.0,26047963,0.0,20.0,28.0,45.3,11.5,43.2,1.4,,36.0,77810134
217,22,9/9/2024 12:34:19 PM,NC113,"Macon County, North Carolina",14802,TwC,"Tuckasegee-Whiteside complex, 8 to 15 percent slopes",87,545878,5,Sylva,undrained,2.0,26047963,20.0,81.0,28.0,45.3,11.5,43.2,1.45,,38.0,77810135
218,22,9/9/2024 12:34:19 PM,NC113,"Macon County, North Carolina",14802,UfB,"Udorthents-Urban land complex, 0 to 5 percent slopes, rarely flooded",89,545882,60,Udorthents,rarely flooded,3.0,26047964,0.0,203.0,28.0,45.3,11.5,43.2,1.53,,28.0,77810138
219,22,9/9/2024 12:34:19 PM,NC113,"Macon County, North Carolina",14802,UfB,"Udorthents-Urban land complex, 0 to 5 percent slopes, rarely flooded",89,545882,30,Urban land,rarely flooded,,26047965,,,,,,,,,,-1
220,22,9/9/2024 12:34:19 PM,NC113,"Macon County, North Carolina",14802,WeC,"Wayah sandy loam, windswept, 8 to 15 percent slopes, stony",91,545885,85,Wayah,windswept,12.0,26047920,38.0,94.0,28.0,65.7,11.5,22.8,1.4,,34.0,77810001
221,22,9/9/2024 12:34:19 PM,NC113,"Macon County, North Carolina",14802,WeC,"Wayah sandy loam, windswept, 8 to 15 percent slopes, stony",91,545885,85,Wayah,windswept,12.0,26047920,0.0,38.0,28.0,65.7,11.5,22.8,1.1,,44.0,77810000
222,22,9/9/2024 12:34:19 PM,NC113,"Macon County, North Carolina",14802,WeC,"Wayah sandy loam, windswept, 8 to 15 percent slopes, stony",91,545885,85,Wayah,windswept,12.0,26047920,94.0,203.0,28.0,82.2,9.0,8.8,1.53,,28.0,77810002
223,22,9/9/2024 12:34:19 PM,NC113,"Macon County, North Carolina",14802,WeD,"Wayah sandy loam, windswept, 15 to 30 percent slopes, stony",92,545886,85,Wayah,windswept,23.0,26047921,38.0,94.0,28.0,65.7,11.5,22.8,1.4,,30.0,77810005
224,22,9/9/2024 12:34:19 PM,NC113,"Macon County, North Carolina",14802,WeD,"Wayah sandy loam, windswept, 15 to 30 percent slopes, stony",92,545886,85,Wayah,windswept,23.0,26047921,0.0,38.0,28.0,65.7,11.5,22.8,1.1,,42.0,77810004
225,22,9/9/2024 12:34:19 PM,NC113,"Macon County, North Carolina",14802,WeD,"Wayah sandy loam, windswept, 15 to 30 percent slopes, stony",92,545886,85,Wayah,windswept,23.0,26047921,94.0,203.0,28.0,82.2,9.0,8.8,1.53,,27.0,77810003
226,22,9/9/2024 12:34:19 PM,NC113,"Macon County, North Carolina",14802,WeE,"Wayah sandy loam, windswept, 30 to 50 percent slopes, stony",93,545887,85,Wayah,windswept,40.0,26047922,38.0,94.0,28.0,65.7,11.5,22.8,1.4,,30.0,77810007
227,22,9/9/2024 12:34:19 PM,NC113,"Macon County, North Carolina",14802,WeE,"Wayah sandy loam, windswept, 30 to 50 percent slopes, stony",93,545887,85,Wayah,windswept,40.0,26047922,0.0,38.0,28.0,65.7,11.5,22.8,1.1,,42.0,77810006
228,22,9/9/2024 12:34:19 PM,NC113,"Macon County, North Carolina",14802,WeE,"Wayah sandy loam, windswept, 30 to 50 percent slopes, stony",93,545887,85,Wayah,windswept,40.0,26047922,94.0,203.0,28.0,82.2,9.0,8.8,1.53,,27.0,77810008
